
-- CREATE USER 'INTERCCOUsuarios'@'localhost' IDENTIFIED BY '141391420';
-- ALTER USER 'INTERCCOUsuarios'@'localhost' IDENTIFIED WITH mysql_native_password BY '141391420';
-- GRANT INSERT,SELECT,UPDATE ON intercco.* TO 'INTERCCOUsuarios'@'localhost';

-- DROP DATABASE IF EXISTS `intercco`;
-- CREATE DATABASE `intercco`;
-- USE `intercco`;


-- ---------------------------------------------------


--
-- Estructura de la tabla -> `ciudades`
--
DROP TABLE IF EXISTS `ciudades`;
CREATE TABLE `ciudades` (
  `idCiudades` int(11) NOT NULL AUTO_INCREMENT,
  `codigo_postal` varchar(10) NOT NULL,
  `nombre` varchar(90) NOT NULL,
  PRIMARY KEY (`idCiudades`)
) ENGINE=InnoDB AUTO_INCREMENT=11 DEFAULT CHARSET=utf8;

LOCK TABLES `ciudades` WRITE;
INSERT INTO `ciudades` VALUES (1,'050027','Medellín'),(2,'110311','Bogotá'),(3,'540001','Cúcuta'),(4,'080001','Barranquilla'),(5,'110221','Cundinamarca'),(6,'342567','Cartagena'),(7,'244512','Cali'),(8,'112674','Pereira'),(9,'511254','Manizales'),(10,'131123','Ibagué');
UNLOCK TABLES;


-- ---------------------------------------------------


--
-- Estructura de la tabla -> `sedes`
--
DROP TABLE IF EXISTS `sedes`;
CREATE TABLE `sedes` (
  `idSedes` int(11) NOT NULL AUTO_INCREMENT,
  `nombre` varchar(70) NOT NULL,
  `rango` varchar(10) NOT NULL,
  `direccion` varchar(150) NOT NULL,
  `num_mesas` int(11) NOT NULL,
  `src_mapa` text NOT NULL,
  `dias_horario` text NOT NULL,
  `horas_horario` text NOT NULL,
  `idCiudad` int(11) NOT NULL,
  PRIMARY KEY (`idSedes`),
  KEY `idCiudad_sedes_idx` (`idCiudad`),
  CONSTRAINT `idCiudad_sedes` FOREIGN KEY (`idCiudad`) REFERENCES `ciudades` (`idCiudades`) ON DELETE NO ACTION ON UPDATE NO ACTION
) ENGINE=InnoDB AUTO_INCREMENT=4 DEFAULT CHARSET=utf8;

LOCK TABLES `sedes` WRITE;
INSERT INTO `sedes` VALUES (1,'Itagüí','Principal','Carrera 45 #42A-42',12,'104S116S116S112S115S58S47S47S119S119S119S46S103S111S111S103S108S101S46S99S111S109S47S109S97S112S115S47S101S109S98S101S100S63S112S98S61S33S49S109S49S56S33S49S109S49S50S33S49S109S51S33S49S100S51S49S55S51S51S46S51S51S50S50S56S56S57S48S48S54S52S53S33S50S100S45S55S53S46S54S51S49S52S51S57S54S50S53S49S51S50S56S49S33S51S100S54S46S49S55S53S51S55S55S56S51S48S55S48S52S56S57S50S33S50S109S51S33S49S102S48S33S50S102S48S33S51S102S48S33S51S109S50S33S49S105S49S48S50S52S33S50S105S55S54S56S33S52S102S49S51S46S49S33S51S109S51S33S49S109S50S33S49S115S48S120S56S101S52S54S56S50S50S101S48S55S53S101S57S99S100S53S37S51S65S48S120S54S100S100S50S49S99S99S56S52S52S53S99S51S100S52S50S33S50S115S73S116S97S103S37S67S51S37S66S67S105S37S50S67S43S65S110S116S105S111S113S117S105S97S33S53S101S48S33S51S109S50S33S49S115S101S115S45S52S49S57S33S50S115S99S111S33S52S118S49S53S53S54S49S56S52S54S52S56S52S49S50S33S53S109S50S33S49S115S101S115S45S52S49S57S33S50S115S99S111','76S117S110S101S115S32S97S32S86S105S101S114S110S101S115;83S225S98S97S100S111S115;68S111S109S105S110S103S111S115S32S121S32S70S101S115S116S105S118S111S115','49S48S58S48S48-50S50S58S48S48;49S48S58S48S48-48S48S58S48S48;49S48S58S48S48-50S48S58S48S48',1),(2,'Bello','Secundaria','Calle 51 #57-70',8,'104S116S116S112S115S58S47S47S119S119S119S46S103S111S111S103S108S101S46S99S111S109S47S109S97S112S115S47S101S109S98S101S100S63S112S98S61S33S49S109S49S56S33S49S109S49S50S33S49S109S51S33S49S100S54S51S52S52S55S46S54S54S48S49S56S52S54S48S55S57S56S33S50S100S45S55S53S46S53S56S55S57S54S49S50S56S48S53S56S57S55S52S33S51S100S54S46S51S51S49S57S54S52S49S56S54S48S53S52S52S55S57S33S50S109S51S33S49S102S48S33S50S102S48S33S51S102S48S33S51S109S50S33S49S105S49S48S50S52S33S50S105S55S54S56S33S52S102S49S51S46S49S33S51S109S51S33S49S109S50S33S49S115S48S120S56S101S52S52S50S102S97S54S57S53S56S101S49S55S55S55S37S51S65S48S120S56S51S55S99S48S55S97S54S54S54S99S102S53S48S102S48S33S50S115S66S101S108S108S111S37S50S67S43S65S110S116S105S111S113S117S105S97S33S53S101S48S33S51S109S50S33S49S115S101S115S45S52S49S57S33S50S115S99S111S33S52S118S49S53S53S51S53S55S49S48S49S53S50S52S51','77S97S114S116S101S115S32S97S32S86S105S101S114S110S101S115;70S105S110S101S115S32S100S101S32S83S101S109S97S110S97S32S121S32S70S101S115S116S105S118S111S115;86S97S99S105S111','49S49S58S48S48-50S51S58S51S48;49S50S58S48S48-48S49S58S48S48;86S97S99S105S111',1),(3,'Fontibón','Principal','Carrera 12 #28-50 SUR',10,'104S116S116S112S115S58S47S47S119S119S119S46S103S111S111S103S108S101S46S99S111S109S47S109S97S112S115S47S101S109S98S101S100S63S112S98S61S33S49S109S49S56S33S49S109S49S50S33S49S109S51S33S49S100S54S51S54S50S52S46S52S55S50S56S54S48S52S48S54S55S54S33S50S100S45S55S52S46S49S55S52S55S48S50S55S56S49S52S57S49S56S55S33S51S100S52S46S54S55S55S54S49S48S49S50S55S48S55S55S56S55S48S53S33S50S109S51S33S49S102S48S33S50S102S48S33S51S102S48S33S51S109S50S33S49S105S49S48S50S52S33S50S105S55S54S56S33S52S102S49S51S46S49S33S51S109S51S33S49S109S50S33S49S115S48S120S56S101S51S102S57S99S53S102S97S53S100S50S97S51S49S100S37S51S65S48S120S97S53S102S57S99S55S56S55S51S49S57S50S48S99S52S54S33S50S122S82S109S57S117S100S71S108S105S119S55S78S117S76S67S66S67S98S50S100S118S100S77S79S104S33S53S101S48S33S51S109S50S33S49S115S101S115S45S52S49S57S33S50S115S99S111S33S52S118S49S53S53S51S53S55S49S48S56S53S48S48S54','76S117S110S101S115S32S97S32S74S117S101S118S101S115;86S97S99S105S111;68S111S109S105S110S103S111S115S32S121S32S70S101S115S116S105S118S111S115','49S48S58S48S48-50S51S58S48S48;86S97S99S105S111;49S49S58S48S48-48S49S58S51S48',2);
UNLOCK TABLES;


-- ---------------------------------------------------


--
-- Estructura de la tabla -> `carruseles`
--
DROP TABLE IF EXISTS `carruseles`;
CREATE TABLE `carruseles` (
  `idCarruseles` int(11) NOT NULL AUTO_INCREMENT,
  `idSede` int(11) NOT NULL,
  `tipo` varchar(11) NOT NULL,
  `dirigido_a` varchar(18) NOT NULL,
  `nombre_img` text NOT NULL,
  `existencia` varchar(1) NOT NULL,
  PRIMARY KEY (`idCarruseles`),
  KEY `idSede_carruseles_idx` (`idSede`),
  CONSTRAINT `idSede_carruseles` FOREIGN KEY (`idSede`) REFERENCES `sedes` (`idSedes`) ON DELETE NO ACTION ON UPDATE NO ACTION
) ENGINE=InnoDB DEFAULT CHARSET=utf8;

LOCK TABLES `carruseles` WRITE;
UNLOCK TABLES;


-- ---------------------------------------------------


--
-- Estructura de la tabla -> `categorias`
--
DROP TABLE IF EXISTS `categorias`;
CREATE TABLE `categorias` (
  `idCategorias` int(11) NOT NULL AUTO_INCREMENT,
  `nombre` varchar(20) NOT NULL,
  `idSede` int(11) NOT NULL,
  `existencia` varchar(1) NOT NULL,
  PRIMARY KEY (`idCategorias`),
  KEY `idSede_categorias_idx` (`idSede`),
  CONSTRAINT `idSede_categorias` FOREIGN KEY (`idSede`) REFERENCES `sedes` (`idSedes`) ON DELETE NO ACTION ON UPDATE NO ACTION
) ENGINE=InnoDB AUTO_INCREMENT=6 DEFAULT CHARSET=latin1;

LOCK TABLES `categorias` WRITE;
INSERT INTO `categorias` VALUES (1,'Combos',1,'Y'),(2,'Bebidas',1,'Y'),(3,'Hot Dogs',1,'Y'),(4,'Hamburguesas',3,'Y'),(5,'Helados',3,'Y');
UNLOCK TABLES;


-- ---------------------------------------------------


--
-- Estructura de la tabla -> `usuarios`
--
DROP TABLE IF EXISTS `usuarios`;
CREATE TABLE `usuarios` (
  `idUsuarios` int(11) NOT NULL AUTO_INCREMENT,
  `email` text NOT NULL,
  `password` text NOT NULL,
  `rol` varchar(8) NOT NULL,
  `nombres` varchar(70) NOT NULL,
  `idSede` int(11) DEFAULT NULL,
  `verificado` varchar(1) NOT NULL,
  `existencia` varchar(1) NOT NULL,
  PRIMARY KEY (`idUsuarios`),
  KEY `idSede_infoU_idx` (`idSede`),
  CONSTRAINT `idSede_infoU` FOREIGN KEY (`idSede`) REFERENCES `sedes` (`idSedes`) ON DELETE NO ACTION ON UPDATE NO ACTION
) ENGINE=InnoDB AUTO_INCREMENT=10 DEFAULT CHARSET=utf8;

LOCK TABLES `usuarios` WRITE;
INSERT INTO `usuarios` VALUES (1,'99S108S105S101S110S116S101S64S115S117S99S99S111S46S99S111S109','49S50S51','Cliente','Julian',1,'Y','Y'),(2,'109S101S115S101S114S111S64S115S117S99S99S111S46S99S111S109','49S50S51','Mesero','Carlos',1,'Y','Y'),(3,'99S111S99S105S110S101S114S111S64S115S117S99S99S111S46S99S111S109','49S50S51','Cocinero','Omar',1,'Y','Y'),(4,'99S97S106S101S114S111S64S115S117S99S99S111S46S99S111S109','49S50S51','Cajero','Andrea',1,'Y','Y'),(5,'103S101S114S101S110S116S101S64S115S117S99S99S111S46S99S111S109','49S50S51','Gerente','John',1,'Y','Y'),(6,'115S95S111S95S115S95S97S95S49S57S57S57S64S104S111S116S109S97S105S108S46S99S111S109','49S50S51','AdminS','Zayn',NULL,'Y','Y'),(7,'115S97S110S99S105S111S110S97S100S111S64S115S117S99S99S111S46S99S111S109','49S50S51','Cliente','Carmelo',1,'Y','Y'),(8,'103S101S114S101S110S116S101S83S67S64S115S117S99S99S111S46S99S111S109','49S50S51','Gerente','Paulo',3,'Y','Y'),(9,'99S108S105S101S110S116S101S77S69S64S115S117S99S99S111S46S99S111S109','49S50S51','Cliente','Camila',3,'Y','Y');
UNLOCK TABLES;


-- ---------------------------------------------------


--
-- Estructura de la tabla -> `info_usuarios`
--
DROP TABLE IF EXISTS `info_usuarios`;
CREATE TABLE `info_usuarios` (
  `idInfo_Usuarios` int(11) NOT NULL AUTO_INCREMENT,
  `idUsuario` int(11) NOT NULL,
  `fch_registro` date NOT NULL,
  `hora_registro` time NOT NULL,
  `nombre_img` text NOT NULL,
  `apellidos` varchar(90) NOT NULL,
  `tipo_i` varchar(2) NOT NULL,
  `num_i` varchar(20) NOT NULL,
  `telefono` varchar(15) NOT NULL,
  `movil` varchar(28) NOT NULL,
  `genero` varchar(9) NOT NULL,
  `fch_naci` date NOT NULL,
  `direccion` varchar(150) NOT NULL,
  `existencia` varchar(1) NOT NULL,
  PRIMARY KEY (`idInfo_Usuarios`),
  KEY `idUsuario_idx` (`idUsuario`),
  CONSTRAINT `idUsuario` FOREIGN KEY (`idUsuario`) REFERENCES `usuarios` (`idUsuarios`) ON DELETE NO ACTION ON UPDATE NO ACTION
) ENGINE=InnoDB AUTO_INCREMENT=10 DEFAULT CHARSET=utf8;

LOCK TABLES `info_usuarios` WRITE;
INSERT INTO `info_usuarios` VALUES (1,1,'2019-03-06','18:42:47','86S97S99S105S111','Henao','CC','1123456789','5986900','3537188155','Masculino','1998-08-16','Laureles','Y'),(2,2,'2019-03-06','18:42:47','86S97S99S105S111','Gallego','CC','3123456789','5986900','3537188155','Masculino','1998-08-16','Laureles','Y'),(3,3,'2019-03-06','18:42:47','86S97S99S105S111','Castillo','CC','4123456789','5986900','3537188155','Masculino','1998-08-16','Laureles','Y'),(4,4,'2019-03-06','18:42:47','86S97S99S105S111','Leon','CC','5123456789','5986900','3537188155','Femenino','1998-08-16','Laureles','Y'),(5,5,'2019-03-06','18:42:47','86S97S99S105S111','Cano','CC','6123456789','5986900','3537188155','Masculino','1998-08-16','Laureles','Y'),(6,6,'2019-03-06','18:42:47','86S97S99S105S111','Direcshions','CC','7123456789','5986900','3537188155','Masculino','1998-08-16','Laureles','Y'),(7,7,'2019-03-06','18:42:47','86S97S99S105S111','Perez','CC','8123456789','5986900','3537188155','Masculino','1998-08-16','Laureles','Y'),(8,8,'2019-03-06','18:42:47','86S97S99S105S111','Andreo','CC','9123456789','5986900','3537188155','Femenino','1998-08-16','Laureles','Y'),(9,9,'2019-03-06','18:42:47','86S97S99S105S111','Cifuentes','TI','10123456789','5986900','3537188155','Femenino','1998-08-16','Laureles','Y');
UNLOCK TABLES;


-- ---------------------------------------------------


--
-- Estructura de la tabla -> `sanciones`
--
DROP TABLE IF EXISTS `sanciones`;
CREATE TABLE `sanciones` (
  `idSanciones` int(11) NOT NULL AUTO_INCREMENT,
  `idUsuario` int(11) NOT NULL,
  `justificacion` text NOT NULL,
  `fch_limite` date NOT NULL,
  `idModerador` int(11) NOT NULL,
  `existencia` varchar(1) NOT NULL,
  PRIMARY KEY (`idSanciones`),
  KEY `idUsuario_sanciones_idx` (`idUsuario`),
  KEY `idModerador_sanciones_idx` (`idModerador`),
  CONSTRAINT `idModerador_sanciones` FOREIGN KEY (`idModerador`) REFERENCES `usuarios` (`idusuarios`),
  CONSTRAINT `idUsuario_sanciones` FOREIGN KEY (`idUsuario`) REFERENCES `usuarios` (`idusuarios`)
) ENGINE=InnoDB AUTO_INCREMENT=2 DEFAULT CHARSET=utf8;

LOCK TABLES `sanciones` WRITE;
INSERT INTO `sanciones` VALUES (1,8,'70S97S108S116S97S32S100S101S32S114S101S115S112S101S116S111S32S97S32S108S111S115S32S101S109S112S108S101S97S100S111S115S32S100S101S32S110S117S101S115S116S114S97S32S115S101S100S101S32S83S85S67S67S79S33','2290-01-01',6,'Y');
UNLOCK TABLES;


-- ---------------------------------------------------


--
-- Estructura de la tabla -> `proveedores`
--
DROP TABLE IF EXISTS `proveedores`;
CREATE TABLE `proveedores` (
  `idProveedores` int(11) NOT NULL AUTO_INCREMENT,
  `nombre_coe` varchar(90) NOT NULL,
  `tipo_if` varchar(1) NOT NULL,
  `num_it` varchar(20) NOT NULL,
  `telefono_coe` varchar(20) NOT NULL,
  `extension_tel_coe` varchar(15) NOT NULL,
  `movil_coe` varchar(18) NOT NULL,
  `fax_coe` varchar(15) NOT NULL,
  `extension_fax_coe` varchar(15) NOT NULL,
  `idCiudad` int(11) NOT NULL,
  `direccion` varchar(150) NOT NULL,
  `nombre_pc` varchar(110) NOT NULL,
  `cargo_pc` varchar(60) NOT NULL,
  `tipo_i` varchar(2) NOT NULL,
  `num_i` varchar(20) NOT NULL,
  `email` varchar(150) NOT NULL,
  `fax_pc` varchar(15) NOT NULL,
  `extension_fax_pc` varchar(15) NOT NULL,
  `telefono_pc` varchar(15) NOT NULL,
  `movil_pc` varchar(28) NOT NULL,
  `existencia` varchar(1) NOT NULL,
  PRIMARY KEY (`idProveedores`),
  KEY `idCiudad_proveedores` (`idCiudad`),
  CONSTRAINT `idCiudad_proveedores` FOREIGN KEY (`idCiudad`) REFERENCES `ciudades` (`idciudades`)
) ENGINE=InnoDB AUTO_INCREMENT=13 DEFAULT CHARSET=utf8;

LOCK TABLES `proveedores` WRITE;
INSERT INTO `proveedores` VALUES (1,'Frubana','R','4-12456866','5678743','','3503189910','','',2,'Carretera Circunvalar Km. 13  Colombia','Camilo de Nazare','Gerente','CC','10097638794','soporte@frubana.co','','','','','Y'),(2,'Dofruts','R','2-3453567333','3085127','','','','',2,'Carrera 64C # 104 - 03','Alejandra Perez','RR.HH.','CC','98345767','contacto@dofruts.com','','','','','Y'),(3,'Catalogos Especializados de Axioma Marketing B2B','R','3-765473829','','','','4457692','09342',4,'Calle 90 #34 B NORTE','Sebastian Perez','Administrador','CC','98450245128','sebastian-perez@cataespecia.ce','','','','','Y'),(4,'Levapan S.A','A','2-533857287','4194949','','3008489219','','',2,'Carrera 46 # 13-20','Juan Antonio Gonzales','Administrador','TP','C45630003','hablemos@levapan.com','','','','3016758843','Y'),(5,'Carnes Don Matías','N','3-8664571338','','','311 8477476','','',2,'Autopista sur 66-78 Local A3 - A4','Matías de Jesus','Gerente','CC','2176584','contacto@carnesdonmatias.com','','','','','Y'),(6,'Insualimentos S.A','R','3-864467855','3004500','','3102753552','','',2,'Calle 163a # 17 19','Jonathan Sam Celegrini','Administrador','CE','8H59O454444-454','info@insualimentos.com','','','','','Y'),(7,'Refisal','A','387373672887','8888888','','','','',1,'Carrera 42 # 86-35','Gloria Velez','Gerente de Ventas','CC','231646678','informacion@brinsa.com.co','','','4454455','','Y'),(8,'San Perrero','N','2-567564332','','','3168911336','4441006','6712',1,'Carrera 52 # 72-139','Juan Carlos Mejía','Aministrador','CC','985295623','info@sanperrero.com','4441006','5466','','','Y'),(9,'Bodegas Alicante','R','3-9736733444','3724152','','','','',1,'Calle 77 A 45 A # 134','Morelia Cano','Recursos Humanos','TP','3E55T6778','comercial@bodegasalicante.com','','','','','Y'),(10,'Dicermex S.A','A','2-356287583','2442727','','','','',3,'Calle 17 #42A-54','John Jairo Rios','RR.HH.','CE','84357PP3857','dicermex@contacto.co','','','','','Y'),(11,'Postobón','R','1-87368243','2655151','11426','','','',1,'Calle 25 #51-33','Daniel Sepulveda','Administrador de Productos','CC','4558772664','','2655151','45663','','','Y'),(12,'GLUCK HC Heladería','N','2-7347333664','','','3007615982','','',5,'Calle 48 #1172','Angelica Gomez','Gerente de Recursos Humanos','CC','344556435','','','','','3007615982','Y');
UNLOCK TABLES;


-- ---------------------------------------------------


--
-- Estructura de la tabla -> `insumos`
--
DROP TABLE IF EXISTS `insumos`;
CREATE TABLE `insumos` (
  `idInsumos` int(11) NOT NULL AUTO_INCREMENT,
  `referencia` varchar(90) NOT NULL,
  `nombre` varchar(120) NOT NULL,
  `fch_ingreso` date NOT NULL,
  `fch_caducidad` date NOT NULL,
  `unidad_medida` varchar(9) NOT NULL,
  `cantidad` int(11) NOT NULL,
  `precio_unitario` int(11) NOT NULL,
  `idSede` int(11) NOT NULL,
  `idProveedor` int(11) NOT NULL,
  `existencia` varchar(1) NOT NULL,
  PRIMARY KEY (`idInsumos`),
  KEY `idProveedor_insumos_idx` (`idProveedor`),
  KEY `idSede_idx` (`idSede`),
  CONSTRAINT `idProveedor_insumos` FOREIGN KEY (`idProveedor`) REFERENCES `proveedores` (`idproveedores`),
  CONSTRAINT `idSede_insumos` FOREIGN KEY (`idSede`) REFERENCES `sedes` (`idsedes`)
) ENGINE=InnoDB AUTO_INCREMENT=69 DEFAULT CHARSET=utf8;

LOCK TABLES `insumos` WRITE;
INSERT INTO `insumos` VALUES (1,'34235856-1','Lechuga Crespa','2019-05-26','2019-06-30','Kilogramo',68,2000,3,1,'Y'),(2,'35265654-3','Cebolla Cabezona Blanca','2019-05-26','2019-06-30','Unidades',59,600,3,1,'Y'),(3,'463893235-2','Pepinillo Agridulce','2019-05-26','2019-06-30','Kilogramo',130,1000,3,4,'Y'),(4,'98453728-3','Tomate Milano Verde','2019-05-26','2019-06-30','Unidades',98,500,3,1,'Y'),(5,'87347755-3','Pan Hamburguesa','2019-05-26','2019-06-30','Unidades',87,1000,3,8,'Y'),(6,'983748567-1','Carne Molida','2019-05-26','2019-06-30','Libra',205,3000,3,5,'Y'),(7,'283753746-1','Queso Provolone','2019-05-26','2019-06-30','Unidades',99,1000,3,12,'Y'),(8,'569853952-2','Laminas papel antigraso y parafinado','2019-05-26','2090-01-01','Unidades',480,400,3,3,'Y'),(9,'98897224-1','Tocineta San Lorenzo','2019-05-26','2019-06-30','Unidades',279,800,3,8,'Y'),(10,'3828473-1','Cucharas de Plástico','2019-05-26','2090-01-01','Unidades',409,100,3,12,'Y'),(11,'3582743-1','Vasos de Plástico','2019-05-26','2090-01-01','Unidades',390,150,3,12,'Y'),(12,'465256788-5','Copas de Plástico','2019-05-26','2090-01-01','Unidades',458,300,3,12,'Y'),(13,'34512566-1','Barquillos','2019-05-26','2019-06-30','Unidades',580,100,3,12,'Y'),(14,'457898733-1','Helado','2019-05-26','2019-06-30','Litro',256,800,3,12,'Y'),(15,'57247583-1','Crema Chantilly','2019-05-26','2019-06-30','Litro',283,1500,3,12,'Y'),(16,'475843432-1','Cereza','2019-05-26','2019-06-30','Unidades',450,400,3,1,'Y'),(17,'2365367-72','Banano','2019-05-26','2019-06-30','Unidades',367,300,3,1,'Y'),(18,'34756742-6','Peras','2019-05-26','2019-06-30','Unidades',345,1000,3,1,'Y'),(19,'35878455-1','Manzana Verde','2019-05-26','2019-06-30','Unidades',459,1200,3,1,'Y'),(20,'3578356-4','Fresas','2019-05-26','2019-06-30','Unidades',567,250,3,1,'Y'),(21,'412458758-2','Piñas','2019-05-26','2019-06-30','Unidades',278,1700,3,1,'Y'),(22,'4938758-66','Papayas','2019-05-26','2019-06-30','Unidades',324,1600,3,1,'Y'),(23,'35867456-2','Sandías','2019-05-26','2019-06-30','Unidades',357,1800,3,1,'Y'),(24,'34998748-3','Mangos','2019-05-26','2019-06-30','Unidades',487,500,3,1,'Y'),(25,'48537836-35','Uvas','2019-05-26','2019-06-30','Unidades',690,200,3,1,'Y'),(26,'285784345-3','Aceite de Oliva Virgen','2019-05-26','2090-01-01','Litro',437,1000,3,4,'Y'),(27,'8987483234-1','Sal','2019-05-26','2019-06-30','Libra',240,700,3,7,'Y'),(28,'88835642-3','Salsa Bary Tomate','2019-05-26','2019-06-30','Kilogramo',250,650,3,8,'Y'),(29,'88832842-1','Salsa Bary Rosada','2019-05-26','2019-06-30','Kilogramo',250,650,3,8,'Y'),(30,'88843653-2','Salsa Bary Mayonesa','2019-05-26','2019-06-30','Kilogramo',250,650,3,8,'Y'),(31,'88843928-3','Salsa Bary BBQ','2019-05-26','2019-06-30','Kilogramo',250,650,3,8,'Y'),(32,'88834287-3','Salsa Bary Mostaza','2019-05-26','2019-06-30','Kilogramo',250,650,3,8,'Y'),(33,'34235856-1','Lechuga Crespa','2019-05-26','2019-06-30','Kilogramo',140,2000,1,1,'Y'),(34,'35265654-3','Cebolla Cabezona Blanca','2019-05-26','2019-06-30','Unidades',200,600,1,1,'Y'),(35,'463893235-2','Pepinillo Agridulce','2019-05-26','2019-06-30','Kilogramo',345,1000,1,1,'Y'),(36,'98453728-3','Tomate Milano Verde','2019-05-26','2020-06-30','Unidades',160,500,1,1,'Y'),(37,'87347755-3','Pan Hamburguesa','2019-05-26','2019-06-30','Unidades',356,1000,1,12,'Y'),(38,'983748567-1','Carne Molida','2019-05-26','2019-06-30','Libra',430,3000,1,5,'Y'),(39,'98897224-1','Tocineta San Lorenzo','2019-05-26','2019-06-30','Unidades',340,800,1,8,'Y'),(40,'283753746-1','Queso Provolone','2019-05-26','2019-06-30','Unidades',578,1000,1,8,'Y'),(41,'48398285-5','Papa Amarrilla','2019-05-26','2019-06-30','Unidades',231,300,1,1,'Y'),(42,'37247984-4','Dofruts de Piña, Mango, Fresa, Frutos Rojos y Naranja','2019-05-26','2019-06-30','Unidades',560,2400,1,2,'Y'),(43,'395284738-32','Gaseosas Postobón','2019-05-26','2019-06-30','Litro',369,3000,1,11,'Y'),(44,'569853952-2','Laminas papel antigraso y parafinado','2019-05-26','2090-01-01','Unidades',287,400,1,3,'Y'),(45,'9875483-4','Pan Perro Bimbo','2019-05-26','2019-06-30','Unidades',460,800,1,8,'Y'),(46,'767836212-1','Salchicha Zenú','2019-05-26','2019-06-30','Unidades',278,500,1,8,'Y'),(47,'987483222-3','Huevos de Codorniz','2019-05-26','2019-06-30','Unidades',387,200,1,8,'Y'),(48,'95874538-1','Ripio de Papa Tayto','2019-05-26','2019-06-30','Kilogramo',458,1300,1,8,'Y'),(49,'98758492-4','Ensalada Cultivarte','2019-05-26','2019-06-30','Kilogramo',268,900,1,8,'Y'),(50,'98654832-8','Ajo','2019-05-26','2019-06-30','Unidades',87,300,1,6,'Y'),(51,'947483945-3','Cilantro','2019-05-26','2019-06-30','Unidades',145,500,1,1,'Y'),(52,'978549345-6','Aguacate Maduro','2019-05-26','2019-06-30','Unidades',304,3000,1,1,'Y'),(53,'97812455-2','Chile Habanero','2019-05-26','2019-06-30','Unidades',534,800,1,1,'Y'),(54,'9786284556-6','Jalapeño','2019-05-26','2019-06-30','Unidades',139,250,1,1,'Y'),(55,'84689296-3','Limón Tahiti','2019-05-26','2019-06-30','Unidades',569,300,1,1,'Y'),(56,'497392234-9','Tomate Larga Vida Maduro','2019-05-26','2019-06-30','Unidades',260,300,1,1,'Y'),(57,'485649-4','Carne de res, cerdo o pollo','2019-05-26','2019-06-30','Libra',287,4000,1,5,'Y'),(58,'38627843-0','Tortilla Azteca','2019-05-26','2019-06-30','Unidades',489,400,1,8,'Y'),(59,'84894334-2','Piccini Lambrusco','2019-05-26','2080-01-01','Litro',89,58000,1,9,'Y'),(60,'74839482-1','Mionetto Prosecco','2019-05-26','2080-01-01','Litro',69,61500,1,9,'Y'),(61,'957432567-7','Cervezas Corona, Aguila, Pilse y Clubcolombia','2019-05-26','2080-01-01','Unidades',210,3000,1,10,'Y'),(62,'8987483234-1','Sal','2019-05-26','2019-06-30','Libra',289,700,1,7,'Y'),(63,'88835642-3','Salsa Bary Tomate','2019-05-26','2019-06-30','Kilogramo',400,250,1,8,'Y'),(64,'88832842-1','Salsa Bary Rosada','2019-05-26','2019-06-30','Kilogramo',400,250,1,8,'Y'),(65,'88843653-2','Salsa Bary Mayonesa','2019-05-26','2019-06-30','Kilogramo',400,250,1,8,'Y'),(66,'88843928-3','Salsa Bary BBQ','2019-05-26','2019-06-30','Kilogramo',400,250,1,8,'Y'),(67,'88834287-3','Salsa Bary Mostaza','2019-05-26','2019-06-30','Kilogramo',400,250,1,8,'Y'),(68,'285784345-3','Aceite de Oliva Virgen','2019-05-26','2090-01-01','Litro',609,1000,1,4,'Y');
UNLOCK TABLES;


-- ---------------------------------------------------


--
-- Estructura de la tabla -> `facturas`
--
DROP TABLE IF EXISTS `facturas`;
CREATE TABLE `facturas` (
  `idFacturas` int(11) NOT NULL AUTO_INCREMENT,
  `fch_registro` date NOT NULL,
  `hora_registro` time NOT NULL,
  `idCliente` int(11) DEFAULT NULL,
  `identi_cliente` varchar(20) DEFAULT NULL,
  `importe` int(11) NOT NULL,
  `total` int(11) DEFAULT NULL,
  `idCajero` int(11) NOT NULL,
  `idSede` int(11) NOT NULL,
  PRIMARY KEY (`idFacturas`),
  KEY `idSede_facturas_idx` (`idSede`),
  KEY `idCajero_facturas_idx` (`idCajero`),
  KEY `idCliente_facturas_idx` (`idCliente`),
  CONSTRAINT `idCliente_facturas` FOREIGN KEY (`idCliente`) REFERENCES `info_usuarios` (`idUsuario`) ON DELETE NO ACTION ON UPDATE NO ACTION,
  CONSTRAINT `idCajero_facturas` FOREIGN KEY (`idCajero`) REFERENCES `info_usuarios` (`idUsuario`) ON DELETE NO ACTION ON UPDATE NO ACTION,
  CONSTRAINT `idSede_facturas` FOREIGN KEY (`idSede`) REFERENCES `sedes` (`idSedes`) ON DELETE NO ACTION ON UPDATE NO ACTION
) ENGINE=InnoDB DEFAULT CHARSET=utf8;

LOCK TABLES `facturas` WRITE;
UNLOCK TABLES;


-- ---------------------------------------------------


--
-- Estructura de la tabla -> `pedidos`
--
DROP TABLE IF EXISTS `pedidos`;
CREATE TABLE `pedidos` (
  `idPedidos` int(11) NOT NULL AUTO_INCREMENT,
  `codigo` varchar(16) NOT NULL,
  `fch_registro` date NOT NULL,
  `hora_registro` time NOT NULL,
  `idCliente` int(11) DEFAULT NULL,
  `num_mesa` int(11) DEFAULT NULL,
  `sub_total` int(11) NOT NULL,
  `idMesero` int(11) NOT NULL,
  `idFactura` int(11) DEFAULT NULL,
  `idSede` int(11) NOT NULL,
  `estado` varchar(13) NOT NULL,
  `existencia` varchar(1) NOT NULL,
  PRIMARY KEY (`idPedidos`),
  KEY `idFactura_pedidos_idx` (`idFactura`),
  KEY `idSede_pedidos_idx` (`idSede`),
  KEY `idCliente_pedidos_idx` (`idCliente`),
  KEY `idMesero_pedidos_idx` (`idMesero`),
  CONSTRAINT `idCliente_pedidos` FOREIGN KEY (`idCliente`) REFERENCES `info_usuarios` (`idusuario`),
  CONSTRAINT `idFactura_pedidos` FOREIGN KEY (`idFactura`) REFERENCES `facturas` (`idfacturas`),
  CONSTRAINT `idMesero_pedidos` FOREIGN KEY (`idMesero`) REFERENCES `info_usuarios` (`idusuario`),
  CONSTRAINT `idSede_pedidos` FOREIGN KEY (`idSede`) REFERENCES `sedes` (`idsedes`)
) ENGINE=InnoDB DEFAULT CHARSET=utf8;

LOCK TABLES `pedidos` WRITE;
UNLOCK TABLES;


-- ---------------------------------------------------


--
-- Estructura de la tabla -> `productos`
--
DROP TABLE IF EXISTS `productos`;
CREATE TABLE `productos` (
  `idProductos` int(11) NOT NULL AUTO_INCREMENT,
  `idCategoria` int(11) NOT NULL,
  `codigo` varchar(16) NOT NULL,
  `nombre` varchar(50) NOT NULL,
  `descripcion` text NOT NULL,
  `precio` int(11) NOT NULL,
  `idSede` int(11) NOT NULL,
  `existencia` varchar(1) NOT NULL,
  PRIMARY KEY (`idProductos`),
  KEY `idSede_productos_idx` (`idSede`),
  KEY `idCategoria_productos_idx` (`idCategoria`),
  CONSTRAINT `idCategoria_productos` FOREIGN KEY (`idCategoria`) REFERENCES `categorias` (`idcategorias`),
  CONSTRAINT `idSede_productos` FOREIGN KEY (`idSede`) REFERENCES `sedes` (`idsedes`)
) ENGINE=InnoDB AUTO_INCREMENT=27 DEFAULT CHARSET=utf8;

LOCK TABLES `productos` WRITE;
INSERT INTO `productos` VALUES (1,4,'f26052019h074612','Hamburguesa Pequeña','86S97S99S105S111',9000,3,'Y'),(2,4,'f26052019h074910','Hamburguesa Mediana','86S97S99S105S111',12300,3,'Y'),(3,4,'f26052019h075036','Hamburguesa Grande','86S97S99S105S111',15000,3,'Y'),(4,4,'f26052019h075306','Hamburguesa Familiar','76S97S32S104S97S109S98S117S114S103S117S101S115S97S32S109S225S115S32S103S114S97S110S100S101S32S100S101S32S108S97S32S102S97S109S105S108S105S97S44S32S99S111S110S32S101S108S32S100S111S98S108S101S32S100S101S32S105S110S103S114S101S100S105S101S110S116S101S115S32S100S101S32S108S97S32S104S97S109S98S117S114S103S117S101S115S97S32S103S114S97S110S100S101S46',19500,3,'Y'),(5,5,'f26052019h075416','Vaso Pequeño','67S111S110S116S105S101S110S101S32S117S110S97S32S98S111S108S97S32S100S101S32S104S101S108S97S100S111S44S32S98S97S114S113S117S105S108S108S111S32S121S32S99S104S105S115S112S97S115S32S100S101S32S99S104S111S99S111S108S97S116S101S32S243S32S97S114S99S111S105S114S105S115S46',4000,3,'Y'),(6,5,'f26052019h075643','Vaso Grande','67S111S110S116S105S101S110S101S32S100S111S115S32S98S111S108S97S32S100S101S32S104S101S108S97S100S111S44S32S99S104S97S110S116S105S108S108S121S44S32S98S97S114S113S117S105S108S108S111S32S121S32S99S104S105S115S112S97S115S32S100S101S32S99S104S111S99S111S108S97S116S101S32S243S32S97S114S99S111S105S114S105S115S46',6000,3,'Y'),(7,5,'f26052019h075741','Banana Split','86S97S99S105S111',8700,3,'Y'),(8,5,'f26052019h080059','Salpicón Pequeño','67S111S110S116S105S101S110S101S32S100S111S115S32S98S111S108S97S115S32S100S101S32S104S101S108S97S100S111S44S32S98S97S114S113S117S105S108S108S111S44S32S115S97S108S112S105S99S243S110S44S32S98S97S114S113S117S105S108S108S111S32S121S32S99S104S105S115S112S97S115S32S100S101S32S99S104S111S99S111S108S97S116S101S32S111S32S97S114S99S111S105S114S105S115S46',5600,3,'Y'),(9,5,'f26052019h080356','Salpicón Grande','67S111S110S116S105S101S110S101S32S116S114S101S115S32S98S111S108S97S115S32S100S101S32S104S101S108S97S100S111S44S32S98S97S114S113S117S105S108S108S111S44S32S99S104S97S110S116S105S108S108S121S44S32S115S97S108S112S105S99S243S110S44S32S98S97S114S113S117S105S108S108S111S44S32S99S104S105S115S112S97S115S32S100S101S32S99S104S111S99S111S108S97S116S101S32S111S32S97S114S99S111S105S114S105S115S32S121S32S113S117S101S115S111S32S114S97S121S97S100S111S46',7900,3,'Y'),(10,1,'f26052019h081307','Combo Familiar','68S111S115S32S104S97S109S98S117S114S103S117S101S115S97S115S32S103S114S97S110S100S101S115S44S32S100S111S115S32S112S97S113S117S101S116S101S115S32S112S101S113S117S101S241S111S115S32S100S101S32S112S97S112S97S32S97S32S108S97S32S102S114S97S110S99S101S115S97S32S121S32S100S111S115S32S103S97S115S101S111S115S97S115S32S100S101S32S100S105S115S112S101S110S115S97S100S111S114S46',22500,1,'Y'),(11,1,'f26052019h081439','Combo Infantil','86S97S99S105S111',16000,1,'Y'),(12,1,'f26052019h081600','Combo Mexicano','86S97S99S105S111',19700,1,'Y'),(13,1,'f26052019h081721','Combo Personal','85S110S97S32S104S97S109S98S117S114S103S117S101S115S97S32S109S101S100S105S97S110S97S44S32S117S110S32S112S97S113S117S101S116S101S32S112S101S113S117S101S241S111S32S100S101S32S112S97S112S97S32S97S32S108S97S32S102S114S97S110S99S101S115S97S32S121S32S117S110S97S32S103S97S115S101S111S115S97S32S100S101S32S100S105S115S112S101S110S115S97S100S111S114S46',18200,1,'Y'),(14,2,'f26052019h081801','Gaseosa Postobón','86S97S99S105S111',4600,1,'Y'),(15,2,'f26052019h081828','Juego de Piña','86S97S99S105S111',5900,1,'Y'),(16,2,'f26052019h081850','Jugo de Mango','86S97S99S105S111',5900,1,'Y'),(17,2,'f26052019h081907','Jugo de Fresa','86S97S99S105S111',5900,1,'Y'),(18,2,'f26052019h081921','Jugo de Frutos Rojos','86S97S99S105S111',5900,1,'Y'),(19,2,'f26052019h081935','Jugo de Naranja','86S97S99S105S111',5900,1,'Y'),(20,2,'f26052019h082008','Piccini Lambrusco','86S97S99S105S111',67100,1,'Y'),(21,2,'f26052019h082026','Mionetto Prosecco','86S97S99S105S111',74700,1,'Y'),(22,2,'f26052019h082049','Cerveza','86S97S99S105S111',6000,1,'Y'),(23,3,'f26052019h082123','Hot Dog Pequeño','86S97S99S105S111',13500,1,'Y'),(24,3,'f26052019h082214','Hot Dog Mediano','86S97S99S105S111',14000,1,'Y'),(25,3,'f26052019h082255','Hot Dog Grande','86S97S99S105S111',15700,1,'Y'),(26,3,'f26052019h082431','Hot Dog Familiar','69S115S116S101S32S100S101S108S105S99S105S111S115S111S32S72S111S116S32S68S111S103S32S99S111S110S116S105S101S110S101S32S101S108S32S100S111S98S108S101S32S100S101S32S99S97S100S97S32S105S110S103S114S101S100S105S101S110S116S101S44S32S97S100S101S109S225S115S32S116S105S101S110S101S32S99S111S109S111S32S97S100S105S99S99S105S243S110S32S117S110S97S32S98S117S101S110S97S32S112S111S114S99S105S243S110S32S100S101S32S116S111S99S105S110S101S116S97S46',22800,1,'Y');
UNLOCK TABLES;


-- ---------------------------------------------------


--
-- Estructura de la tabla -> `detalles_productos`
--
DROP TABLE IF EXISTS `detalles_productos`;
CREATE TABLE `detalles_productos` (
  `idDetalles_Productos` int(11) NOT NULL AUTO_INCREMENT,
  `idProducto` int(11) NOT NULL,
  `idInsumoNecesario` int(11) NOT NULL,
  `cantidad_insumo` int(11) NOT NULL,
  `existencia` varchar(1) NOT NULL,
  PRIMARY KEY (`idDetalles_Productos`),
  KEY `idProducto_detallesP_idx` (`idProducto`),
  KEY `idInsumoNecesario_detallesP_idx` (`idInsumoNecesario`),
  CONSTRAINT `idInsumoNecesario_detallesP` FOREIGN KEY (`idInsumoNecesario`) REFERENCES `insumos` (`idinsumos`),
  CONSTRAINT `idProducto_detallesP` FOREIGN KEY (`idProducto`) REFERENCES `productos` (`idproductos`)
) ENGINE=InnoDB AUTO_INCREMENT=164 DEFAULT CHARSET=utf8;

LOCK TABLES `detalles_productos` WRITE;
INSERT INTO `detalles_productos` VALUES (1,1,1,1,'Y'),(2,1,2,1,'Y'),(3,1,3,1,'Y'),(4,1,4,1,'Y'),(5,1,5,2,'Y'),(6,1,6,1,'Y'),(7,1,7,1,'Y'),(8,1,8,1,'Y'),(9,2,1,2,'Y'),(10,2,2,1,'Y'),(11,2,3,1,'Y'),(12,2,4,1,'Y'),(13,2,5,2,'Y'),(14,2,6,1,'Y'),(15,2,7,1,'Y'),(16,2,8,1,'Y'),(17,3,1,2,'Y'),(18,3,2,1,'Y'),(19,3,3,2,'Y'),(20,3,4,1,'Y'),(21,3,5,2,'Y'),(22,3,6,1,'Y'),(23,3,9,2,'Y'),(24,3,7,2,'Y'),(25,3,8,1,'Y'),(26,4,1,3,'Y'),(27,4,2,2,'Y'),(28,4,3,2,'Y'),(29,4,4,2,'Y'),(30,4,5,2,'Y'),(31,4,6,3,'Y'),(32,4,9,4,'Y'),(33,4,7,3,'Y'),(34,4,8,1,'Y'),(35,5,10,1,'Y'),(36,5,11,1,'Y'),(37,5,13,1,'Y'),(38,5,14,1,'Y'),(39,6,10,1,'Y'),(40,6,11,1,'Y'),(41,6,13,1,'Y'),(42,6,14,2,'Y'),(43,6,15,1,'Y'),(44,7,10,1,'Y'),(45,7,12,1,'Y'),(46,7,13,1,'Y'),(47,7,7,2,'Y'),(48,7,17,2,'Y'),(49,7,16,1,'Y'),(50,7,14,3,'Y'),(51,7,15,2,'Y'),(52,8,10,1,'Y'),(53,8,11,1,'Y'),(54,8,13,1,'Y'),(55,8,14,2,'Y'),(56,8,17,1,'Y'),(57,8,18,1,'Y'),(58,8,19,1,'Y'),(59,8,20,3,'Y'),(60,8,21,1,'Y'),(61,8,22,1,'Y'),(62,8,23,1,'Y'),(63,8,24,1,'Y'),(64,8,25,6,'Y'),(65,9,10,1,'Y'),(66,9,12,1,'Y'),(67,9,13,1,'Y'),(68,9,14,3,'Y'),(69,9,7,1,'Y'),(70,9,15,2,'Y'),(71,9,17,1,'Y'),(72,9,18,1,'Y'),(73,9,19,2,'Y'),(74,9,20,5,'Y'),(75,9,21,1,'Y'),(76,9,22,1,'Y'),(77,9,23,1,'Y'),(78,9,24,1,'Y'),(79,9,25,9,'Y'),(80,10,33,6,'Y'),(81,10,34,4,'Y'),(82,10,35,4,'Y'),(83,10,36,4,'Y'),(84,10,37,4,'Y'),(85,10,38,4,'Y'),(86,10,39,3,'Y'),(87,10,40,5,'Y'),(88,10,41,4,'Y'),(89,10,43,2,'Y'),(90,10,44,2,'Y'),(91,11,45,1,'Y'),(92,11,46,1,'Y'),(93,11,35,1,'Y'),(94,11,47,2,'Y'),(95,11,49,1,'Y'),(96,11,48,2,'Y'),(97,11,40,1,'Y'),(98,11,41,1,'Y'),(99,11,42,1,'Y'),(100,11,44,1,'Y'),(101,12,50,4,'Y'),(102,12,34,1,'Y'),(103,12,51,2,'Y'),(104,12,52,1,'Y'),(105,12,53,1,'Y'),(106,12,54,1,'Y'),(107,12,55,2,'Y'),(108,12,56,2,'Y'),(109,12,57,2,'Y'),(110,12,58,1,'Y'),(111,12,42,1,'Y'),(112,12,44,1,'Y'),(113,13,33,2,'Y'),(114,13,34,1,'Y'),(115,13,35,1,'Y'),(116,13,36,1,'Y'),(117,13,37,2,'Y'),(118,13,38,1,'Y'),(119,13,40,1,'Y'),(120,13,41,2,'Y'),(121,13,43,1,'Y'),(122,13,44,1,'Y'),(123,14,43,1,'Y'),(124,15,42,1,'Y'),(125,16,42,1,'Y'),(126,17,42,1,'Y'),(127,18,42,1,'Y'),(128,19,42,1,'Y'),(129,20,59,1,'Y'),(130,21,60,1,'Y'),(131,22,61,1,'Y'),(132,23,45,1,'Y'),(133,23,46,1,'Y'),(134,23,47,1,'Y'),(135,23,49,1,'Y'),(136,23,48,2,'Y'),(137,23,44,1,'Y'),(138,24,45,1,'Y'),(139,24,46,1,'Y'),(140,24,35,1,'Y'),(141,24,47,2,'Y'),(142,24,49,1,'Y'),(143,24,48,2,'Y'),(144,24,40,1,'Y'),(145,24,44,1,'Y'),(146,25,45,1,'Y'),(147,25,46,1,'Y'),(148,25,35,1,'Y'),(149,25,47,2,'Y'),(150,25,49,1,'Y'),(151,25,48,3,'Y'),(152,25,39,1,'Y'),(153,25,40,2,'Y'),(154,25,44,1,'Y'),(155,26,45,1,'Y'),(156,26,46,1,'Y'),(157,26,35,2,'Y'),(158,26,47,3,'Y'),(159,26,49,2,'Y'),(160,26,48,3,'Y'),(161,26,39,2,'Y'),(162,26,40,2,'Y'),(163,26,44,1,'Y');
UNLOCK TABLES;


-- ---------------------------------------------------


--
-- Estructura de la tabla -> `detalles_pedidos`
--
DROP TABLE IF EXISTS `detalles_pedidos`;
CREATE TABLE `detalles_pedidos` (
  `idDetalles_Pedidos` int(11) NOT NULL AUTO_INCREMENT,
  `idPedido` int(11) NOT NULL,
  `idProducto` int(11) NOT NULL,
  `cantidad` int(11) NOT NULL,
  `observacion` text NOT NULL,
  `sub_total` int(11) NOT NULL,
  `existencia` varchar(1) NOT NULL,
  PRIMARY KEY (`idDetalles_Pedidos`),
  KEY `idPedido_detalles_idx` (`idPedido`),
  KEY `idProducto_detalles_idx` (`idProducto`),
  CONSTRAINT `idPedido_detalles` FOREIGN KEY (`idPedido`) REFERENCES `pedidos` (`idpedidos`),
  CONSTRAINT `idProducto_detalles` FOREIGN KEY (`idProducto`) REFERENCES `productos` (`idproductos`)
) ENGINE=InnoDB DEFAULT CHARSET=utf8;

LOCK TABLES `detalles_pedidos` WRITE;
UNLOCK TABLES;


-- ---------------------------------------------------


--
-- Estructura de la tabla -> `iva`
--
DROP TABLE IF EXISTS `iva`;
CREATE TABLE `iva` (
  `idIva` int(11) NOT NULL AUTO_INCREMENT,
  `porcentaje` float NOT NULL,
  `actualizacion` varchar(1) NOT NULL,
  PRIMARY KEY (`idIva`)
) ENGINE=InnoDB AUTO_INCREMENT=2 DEFAULT CHARSET=latin1;

LOCK TABLES `iva` WRITE;
INSERT INTO `iva` VALUES (1,19.1,'N');
UNLOCK TABLES;


-- ---------------------------------------------------


--
-- Estructura de la tabla -> `logs`
--
DROP TABLE IF EXISTS `logs`;
CREATE TABLE `logs` (
  `idLogs` int(11) NOT NULL AUTO_INCREMENT,
  `fch_registro` date NOT NULL,
  `hora_registro` time NOT NULL,
  `idUsuario` int(11) DEFAULT NULL,
  `rolUsuario` varchar(12) NOT NULL,
  `tabla` varchar(50) NOT NULL,
  `accion` text NOT NULL,
  `idSede` int(11) DEFAULT NULL,
  PRIMARY KEY (`idLogs`),
  KEY `idSede_logs_idx` (`idSede`),
  KEY `idUsuario_logs_idx` (`idUsuario`),
  CONSTRAINT `idSede_logs` FOREIGN KEY (`idSede`) REFERENCES `sedes` (`idSedes`) ON DELETE NO ACTION ON UPDATE NO ACTION,
  CONSTRAINT `idUsuario_logs` FOREIGN KEY (`idUsuario`) REFERENCES `usuarios` (`idUsuarios`) ON DELETE NO ACTION ON UPDATE NO ACTION
) ENGINE=InnoDB DEFAULT CHARSET=utf8;

LOCK TABLES `logs` WRITE;
UNLOCK TABLES;


-- ---------------------------------------------------


--
-- Estructura de la tabla -> `pqrsf`
--
DROP TABLE IF EXISTS `pqrsf`;
CREATE TABLE `pqrsf` (
  `idPqrsf` int(11) NOT NULL AUTO_INCREMENT,
  `idCliente` int(11) NOT NULL,
  `idSedeCliente` int(11) NOT NULL,
  `fch_registro` date NOT NULL,
  `hora_registro` time NOT NULL,
  `tipo_solicitud` varchar(14) NOT NULL,
  `dirigido_a` varchar(12) NOT NULL,
  `consulta` text NOT NULL,
  `respuesta` text NOT NULL,
  `estado` varchar(10) NOT NULL,
  `idSedeDirigido` int(11) NOT NULL,
  `idInterlocutor` int(11) DEFAULT NULL,
  PRIMARY KEY (`idPqrsf`),
  KEY `idInterlocutor_pqrsf_idx` (`idInterlocutor`),
  KEY `idCliente_pqrsf_idx` (`idCliente`),
  KEY `idSedeCliente_pqrsf_idx` (`idSedeCliente`),
  KEY `idSedeDirigido_pqrsf_idx` (`idSedeDirigido`),
  CONSTRAINT `idCliente_pqrsf` FOREIGN KEY (`idCliente`) REFERENCES `info_usuarios` (`idinfo_usuarios`),
  CONSTRAINT `idInterlocutor_pqrsf` FOREIGN KEY (`idInterlocutor`) REFERENCES `info_usuarios` (`idinfo_usuarios`),
  CONSTRAINT `idSedeCliente_pqrsf` FOREIGN KEY (`idSedeCliente`) REFERENCES `sedes` (`idsedes`),
  CONSTRAINT `idSedeDirigido_pqrsf` FOREIGN KEY (`idSedeDirigido`) REFERENCES `sedes` (`idsedes`)
) ENGINE=InnoDB AUTO_INCREMENT=5 DEFAULT CHARSET=utf8;

LOCK TABLES `pqrsf` WRITE;
INSERT INTO `pqrsf` VALUES (1,9,3,'2019-03-08','03:09:23','Sugerencia','Cocinero','76S111S115S32S99S111S99S105S110S101S114S111S115S32S100S101S98S101S114S237S97S110S32S116S101S110S101S114S32S117S110S32S115S105S115S116S101S109S97S32S112S97S114S97S32S108S108S97S109S97S114S32S97S32S108S111S115S32S109S101S115S101S114S111S115S32S121S32S110S111S32S116S101S110S101S114S32S110S101S99S101S115S105S100S97S100S32S100S101S32S115S97S108S105S114S32S121S32S101S110S116S114S101S103S97S114S32S108S111S115S32S112S108S97S116S111S115S46S13S83S105S101S110S100S111S32S104S111S110S101S115S116S111S44S32S115S101S32S118S101S32S104S111S114S114S105S98S108S101S32S113S117S101S32S100S101S98S97S110S32S104S97S99S101S114S32S101S115S111S46','83S105S110S32S114S101S115S112S117S101S115S116S97','Vacio',1,NULL),(2,3,1,'2019-03-14','01:25:00','Queja','Mesero','69S110S116S105S101S110S100S111S32S113S117S101S32S108S111S115S32S109S101S115S101S114S111S115S32S100S101S98S97S110S32S116S111S109S97S114S32S115S117S32S111S114S100S101S110S32S112S97S114S97S32S103S97S110S97S114S32S112S117S110S116S111S115S32S121S32S112S111S100S101S114S32S101S115S116S97S114S32S101S115S116S97S98S108S101S32S99S111S110S32S115S117S32S116S114S97S98S97S106S111S44S32S112S101S114S111S32S101S108S32S104S101S99S104S111S32S100S101S32S113S117S101S32S110S111S115S32S116S111S109S101S109S111S115S32S110S117S101S115S116S114S111S32S116S105S101S109S112S111S32S112S97S114S97S32S112S101S110S115S97S114S32S108S111S32S113S117S101S32S118S97S109S111S115S32S97S32S112S101S100S105S114S32S121S32S101S108S108S111S115S32S110S111S32S108S111S32S97S99S101S112S116S101S110S44S32S109S101S32S112S97S114S101S99S101S32S109S225S115S32S113S117S101S32S115S111S108S111S32S109S97S108S32S72S69S67S72S79S33','80S117S101S100S111S32S101S110S116S101S110S100S101S114S32S108S111S32S101S110S111S106S97S100S111S32S121S32S102S114S117S115S116S114S97S100S111S32S113S117S101S32S115S101S32S101S110S99S117S101S110S116S114S97S44S32S105S110S118S101S115S116S105S103S97S114S101S109S111S115S32S101S108S32S99S97S115S111S32S112S97S114S97S32S101S118S97S108S117S97S114S108S111S32S121S32S116S111S109S97S114S32S109S101S100S105S100S97S115S44S32S110S111S32S118S111S108S118S101S114S225S32S97S32S112S97S115S97S114S44S32S115S101S32S108S111S32S97S115S101S103S117S114S111S46','Atendido',1,6),(3,2,1,'2019-03-18','05:05:03','Felicitaciones','Gerente','85S110S97S32S102S101S108S105S99S105S116S97S99S105S243S110S32S101S110S111S114S109S101S32S97S32S108S111S115S32S71S101S114S101S110S116S101S115S32S100S101S32S83S85S67S67S79S32S113S117S101S32S115S105S32S115S105S114S118S101S110S32S112S97S114S97S32S97S108S103S111S44S32S109S101S32S101S110S111S114S103S117S108S108S101S115S101S32S113S117S101S32S115S101S112S97S110S32S118S97S108S111S114S97S114S32S97S32S115S117S115S32S99S108S105S101S110S116S101S115S44S32S112S111S114S102S97S118S111S114S44S32S112S97S115S97S108S101S32S109S105S32S116S111S116S97S108S32S103S114S97S116S105S116S117S100S32S97S32S116S111S100S111S115S32S108S111S115S32S103S101S114S101S110S116S101S115S32S100S101S108S32S114S101S115S116S97S117S114S97S110S116S101S33','83S105S110S32S114S101S115S112S117S101S115S116S97','Descartado',1,NULL),(4,9,3,'2019-04-27','02:37:01','Felicitaciones','Cocinero','69S120S99S101S108S101S110S116S101S32S99S111S109S105S100S97S44S32S114S101S97S108S109S101S110S116S101S32S113S117S101S100S233S32S97S115S111S109S98S114S97S100S111S44S32S111S115S32S106S117S114S111S32S113S117S101S32S118S111S108S118S101S114S233S32S112S111S114S32S97S108S108S225S44S32S102S101S108S105S122S32S100S237S97S33','83S105S110S32S114S101S115S112S117S101S115S116S97','Cancelado',1,NULL);
UNLOCK TABLES;


-- ---------------------------------------------------


--
-- Estructura de la tabla -> `promociones`
--
DROP TABLE IF EXISTS `promociones`;
CREATE TABLE `promociones` (
  `idPromociones` int(11) NOT NULL AUTO_INCREMENT,
  `fch_registro` date NOT NULL,
  `hora_registro` time NOT NULL,
  `idProducto` int(11) NOT NULL,
  `porcentaje_promo` int(11) NOT NULL,
  `fch_caducidad` date NOT NULL,
  `idSede` int(11) NOT NULL,
  `existencia` varchar(1) NOT NULL,
  PRIMARY KEY (`idPromociones`),
  KEY `idProducto_promociones_idx` (`idProducto`),
  KEY `idSede_promociones_idx` (`idSede`),
  CONSTRAINT `idProducto_promociones` FOREIGN KEY (`idProducto`) REFERENCES `productos` (`idproductos`),
  CONSTRAINT `idSede_promociones` FOREIGN KEY (`idSede`) REFERENCES `sedes` (`idsedes`)
) ENGINE=InnoDB AUTO_INCREMENT=7 DEFAULT CHARSET=utf8;

LOCK TABLES `promociones` WRITE;
INSERT INTO `promociones` VALUES (1,'2019-05-26','23:47:08',4,24,'2019-06-30',3,'Y'),(2,'2019-05-26','23:47:37',7,6,'2019-06-30',3,'Y'),(3,'2019-05-27','00:16:21',10,30,'2019-06-30',1,'Y'),(4,'2019-05-27','00:16:58',20,8,'2019-06-30',1,'Y'),(5,'2019-05-27','00:17:25',21,10,'2019-06-30',1,'Y'),(6,'2019-05-27','00:17:50',26,30,'2019-06-30',1,'Y');
UNLOCK TABLES;


-- ---------------------------------------------------


--
-- Estructura de la tabla -> `soportes`
--
DROP TABLE IF EXISTS `soportes`;
CREATE TABLE `soportes` (
  `idSoportes` int(11) NOT NULL AUTO_INCREMENT,
  `fch_solicitud` date NOT NULL,
  `fch_resuelto` date DEFAULT NULL,
  `idUsuario` int(11) NOT NULL,
  `idSede` int(11) NOT NULL,
  `descripcion` text NOT NULL,
  `ruta` text NOT NULL,
  `estado` varchar(1) NOT NULL,
  PRIMARY KEY (`idSoportes`),
  KEY `idSedes_soportes_idx` (`idSede`),
  KEY `idUsuario_soportes_idx` (`idUsuario`),
  CONSTRAINT `idSedes_soportes` FOREIGN KEY (`idSede`) REFERENCES `sedes` (`idSedes`) ON DELETE NO ACTION ON UPDATE NO ACTION,
  CONSTRAINT `idUsuario_soportes` FOREIGN KEY (`idUsuario`) REFERENCES `info_usuarios` (`idInfo_Usuarios`) ON DELETE NO ACTION ON UPDATE NO ACTION
) ENGINE=InnoDB AUTO_INCREMENT=4 DEFAULT CHARSET=latin1;

LOCK TABLES `soportes` WRITE;
INSERT INTO `soportes` VALUES (1,'2018-12-16','2019-03-19',5,1,'69S110S32S99S105S101S114S116S111S32S114S101S103S105S115S116S114S111S32S115S101S32S97S114S114S117S105S110S97S32S108S97S32S109S111S100S97S108S32S100S101S32S86S69S82S32S121S32S110S111S32S109S101S32S109S117S101S115S116S114S97S32S108S97S32S115S97S110S99S105S243S110S32S100S101S108S32S117S115S117S97S114S105S111S46','104S116S116S112S58S47S47S108S111S99S97S108S104S111S115S116S58S56S48S56S54S47S83S85S67S67S79S47S85S115S117S97S114S105S111S115','C'),(2,'2018-12-20',NULL,5,1,'69S108S32S99S117S97S100S114S111S32S113S117S101S32S100S101S115S112S108S105S101S103S97S32S116S111S100S97S115S32S108S97S115S32S109S101S115S97S115S32S112S97S114S97S32S116S111S109S97S114S32S108S97S32S111S114S100S101S110S44S32S109S117S101S115S116S114S97S32S110S117S109S101S114S111S115S32S114S97S114S111S115S32S121S32S110S111S32S115S101S32S115S105S32S114S101S97S108S109S101S110S116S101S32S115S101S108S101S99S99S105S111S110S101S32S108S97S32S113S117S101S32S101S115','104S116S116S112S58S47S47S108S111S99S97S108S104S111S115S116S58S56S48S56S54S47S83S85S67S67S79S47S112S101S100S105S100S111S115S76S105S115S116S97S114S46S106S115S112','P'),(3,'2018-12-24',NULL,1,1,'78S111S32S112S117S101S100S111S32S97S103S114S101S103S97S114S32S108S97S32S99S233S100S117S108S97S32S97S32S108S97S32S102S97S99S116S117S114S97S32S112S111S114S32S117S110S32S101S114S114S111S114S32S101S110S32S108S97S32S98S97S115S101S32S100S101S32S100S97S116S111S115','104S116S116S112S58S47S47S108S111S99S97S108S104S111S115S116S58S56S48S56S54S47S83S85S67S67S79S47S114S101S99S105S98S111S115S76S105S115S116S97S114S46S106S115S112','P');
UNLOCK TABLES;
